{
  "eval_roc_auc": 0.5319234174413457,
  "eval_tp": 1004,
  "eval_tn": 0,
  "eval_fp": 900,
  "eval_fn": 0,
  "eval_precision_malignant": 0.5273109243697479,
  "eval_recall_malignant": 1.0,
  "eval_f1_malignant": 0.6905089408528198
}