{
  "test_loss": 0.7264190912246704,
  "test_accuracy": 0.46376049518585205,
  "test_auc": 0.6793186068534851,
  "best_val_loss": 0.7206802368164062,
  "best_val_accuracy": 0.4784663915634155,
  "best_val_auc": 0.652908444404602
}