{
  "eval_roc_auc": 0.4470746855867206,
  "eval_tp": 495,
  "eval_tn": 0,
  "eval_fp": 457,
  "eval_fn": 0,
  "eval_precision_malignant": 0.5199579831932774,
  "eval_recall_malignant": 1.0,
  "eval_f1_malignant": 0.6841741534208707
}