{
  "test_loss": 0.6892471313476562,
  "test_accuracy": 0.5325630307197571,
  "test_auc": 0.6585022807121277,
  "best_val_loss": 0.6917794346809387,
  "best_val_accuracy": 0.519957959651947,
  "best_val_auc": 0.6505331993103027
}